continent,location,date,total_cases,new_cases,new_cases_smoothed,total_deaths,new_deaths,new_deaths_smoothed,total_cases_per_million,new_cases_per_million,new_cases_smoothed_per_million,total_deaths_per_million,new_deaths_per_million,new_deaths_smoothed_per_million,population,population_density,median_age,aged_65_older,aged_70_older,gdp_per_capita,extreme_poverty,cardiovasc_death_rate,diabetes_prevalence,female_smokers,male_smokers,handwashing_facilities,hospital_beds_per_thousand,life_expectancy
Asia,Afghanistan,44079,38304,16,23.429,1410,0,1.143,983.962,0.411,0.602,36.22,0,0.029,38928341,54.422,18.6,2.581,1.337,1803.987,,597.029,9.59,,,37.746,0.5,64.83
Europe,Albania,44079,9967,123,110.286,306,5,5,3463.41,42.741,38.323,106.331,1.737,1.737,2877800,104.871,38,13.188,8.643,11803.431,1.1,304.195,10.08,7.1,51.2,,2.89,78.57
Africa,Algeria,44079,45773,304,338.571,1539,8,8,1043.829,6.933,7.721,35.096,0.182,0.182,43851043,17.348,29.1,6.211,3.857,13913.839,0.5,278.364,6.73,0.7,30.4,83.741,1.9,76.88
Europe,Andorra,44079,1215,16,13,53,0,0,15725.102,207.08,168.252,685.951,0,0,77265,163.755,,,,,,109.135,7.97,29,37.8,,,83.73
Africa,Angola,44079,2805,28,47.714,113,1,1,85.346,0.852,1.452,3.438,0.03,0.03,32866268,23.89,16.8,2.405,1.362,5819.495,,276.045,3.94,,,26.664,,61.15
North America,Anguilla,44079,3,0,0,0,0,0,199.973,0,0,0,0,0,15002,,,,,,,,,,,,,81.88
North America,Antigua and Barbuda,44079,95,0,0.143,3,0,0,970.1,0,1.459,30.635,0,0,97928,231.845,32.1,6.933,4.631,21490.943,,191.511,13.17,,,,3.8,77.02
South America,Argentina,44079,451185,12026,10129.429,9468,313,191.286,9982.902,266.087,224.123,209.489,6.925,4.232,45195777,16.177,31.9,11.198,7.441,18933.907,0.6,191.032,5.5,16.2,27.7,,5,76.67
Asia,Armenia,44079,44461,190,144.286,891,4,3.143,15004.215,64.119,48.692,300.685,1.35,1.061,2963234,102.931,35.7,11.232,7.571,8787.58,1.8,341.01,7.11,1.5,52.1,94.043,4.2,75.09
North America,Aruba,44079,2358,66,64.571,13,0,0.571,22085.683,618.174,604.794,121.762,0,5.352,106766,584.8,41.2,13.085,7.452,35973.781,,,11.62,,,,,76.29
Oceania,Australia,44079,26136,87,98.286,737,59,22,1024.946,3.412,3.854,28.902,2.314,0.863,25499881,3.202,37.9,15.504,10.129,44648.71,0.5,107.791,5.07,13,16.5,,3.84,83.44
Europe,Austria,44079,28869,374,300.857,735,0,0.286,3205.387,41.526,33.405,81.609,0,0.032,9006400,106.749,44.4,19.202,13.748,45436.686,0.7,145.183,6.35,28.4,30.9,,7.37,81.54
Asia,Azerbaijan,44079,37031,132,149.286,543,2,2.286,3652.27,13.019,14.724,53.555,0.197,0.225,10139175,119.309,32.4,6.018,3.871,15847.419,,559.812,7.11,0.3,42.5,83.241,4.7,73
North America,Bahamas,44079,2386,0,47,50,0,1.429,6067.418,0,119.517,127.146,0,3.633,393248,39.497,34.3,8.996,5.2,27717.847,,235.954,13.17,3.1,20.4,,2.9,73.92
Asia,Bahrain,44079,53433,626,331.429,194,4,0.714,31401.936,367.893,194.777,114.011,2.351,0.42,1701583,1935.907,32.4,2.372,1.387,43290.705,,151.689,16.52,5.8,37.6,,2,77.29
Asia,Bangladesh,44079,321615,1929,2117.286,4412,29,34,1952.858,11.713,12.856,26.79,0.176,0.206,164689383,1265.036,27.5,5.098,3.262,3523.984,14.8,298.003,8.38,1,44.7,34.808,0.8,72.59
North America,Barbados,44079,178,1,1.714,7,0,0,619.408,3.48,5.965,24.359,0,0,287371,664.463,39.8,14.952,9.473,16978.068,,170.05,13.57,1.9,14.5,88.469,5.8,79.19
Europe,Belarus,44079,72485,183,162.714,701,5,4.857,7670.922,19.366,17.22,74.185,0.529,0.514,9449321,46.858,40.3,14.799,9.788,17167.967,,443.129,5.18,10.5,46.1,,11,74.79
Europe,Belgium,44079,87080,0,286,9901,0,2.429,7513.623,0,24.677,854.299,0,0.21,11589616,375.564,41.8,18.571,12.849,42658.576,0.2,114.898,4.29,25.1,31.4,,5.64,81.63
North America,Belize,44079,1152,34,40.286,15,2,0.429,2897.231,85.509,101.317,37.724,5.03,1.078,397621,16.426,25,3.853,2.279,7824.362,,176.957,17.11,,,90.083,1.3,74.62
Africa,Benin,44079,2194,0,7,40,0,0,180.975,0,0.577,3.299,0,0,12123198,99.11,18.8,3.244,1.942,2064.236,49.6,235.848,0.99,0.6,12.3,11.035,0.5,61.77
North America,Bermuda,44079,174,0,0.857,9,0,0,2794.148,0,13.764,144.525,0,0,62273,1308.82,,,,50669.315,,139.547,13,,,,,82.59
Asia,Bhutan,44079,228,1,4.714,0,0,0,295.485,1.296,6.11,0,0,0,771612,21.188,28.6,4.885,2.977,8708.597,1.5,217.066,9.75,,,79.807,1.7,71.78
South America,Bolivia,44079,119580,1652,738.714,5343,140,71,10244.128,141.523,63.284,457.722,11.993,6.082,11673029,10.202,25.4,6.704,4.393,6885.829,7.1,204.299,6.89,,,25.383,1.1,71.51
North America,Bonaire Sint Eustatius and Saba,44079,18,0,0.429,0,0,0,686.473,0,16.345,0,0,0,26221,,,,,,,,,,,,,77.79
Europe,Bosnia and Herzegovina,44079,21142,338,275.429,639,3,7.714,6444.13,103.023,83.951,194.769,0.914,2.351,3280815,68.496,42.5,16.569,10.711,11713.895,0.2,329.635,10.08,30.2,47.7,97.164,3.5,77.4
Africa,Botswana,44079,2002,278,52.714,8,2,0.286,851.326,118.216,22.416,3.402,0.85,0.121,2351625,4.044,25.8,3.941,2.242,15807.374,,237.372,4.81,5.7,34.4,,1.8,69.59
South America,Brazil,44079,4092832,51194,41147,125521,907,859.571,19255.003,240.846,193.579,590.522,4.267,4.044,212559409,25.04,33.5,8.552,5.06,14103.452,3.4,177.961,8.11,10.1,17.9,,2.2,75.88
North America,British Virgin Islands,44079,63,16,4,1,0,0,2083.54,529.153,132.288,33.072,0,0,30237,207.973,,,,,,,13.67,,,,,79.07
Asia,Brunei,44079,145,1,0.143,3,0,0,331.441,2.286,0.327,6.857,0,0,437483,81.347,32.4,4.591,2.382,71809.251,,201.285,12.79,2,30.9,,2.7,75.86
Europe,Bulgaria,44079,16775,158,101.429,658,10,7.857,2414.209,22.739,14.597,94.697,1.439,1.131,6948445,65.18,44.7,20.801,13.272,18563.307,1.5,424.688,5.81,30.1,44.4,,7.454,75.05
Africa,Burkina Faso,44079,1408,22,7.143,55,0,0,67.358,1.052,0.342,2.631,0,0,20903278,70.151,17.6,2.409,1.358,1703.102,43.7,269.048,2.42,1.6,23.9,11.877,0.4,61.58
Africa,Burundi,44079,451,3,2.571,1,0,0,37.929,0.252,0.216,0.084,0,0,11890781,423.062,17.5,2.562,1.504,702.225,71.7,293.068,6.05,,,6.144,0.8,61.58
Asia,Cambodia,44079,274,0,0.143,0,0,0,16.389,0,0.009,0,0,0,16718971,90.672,25.6,4.412,2.385,3645.07,,270.892,4,2,33.7,66.229,0.8,69.82
Africa,Cameroon,44079,19604,0,66,414,0,0.429,738.495,0,2.486,15.596,0,0.016,26545864,50.885,18.8,3.165,1.919,3364.926,23.8,244.661,7.2,,,2.735,1.3,59.29
North America,Canada,44079,131124,631,538,9141,0,4.714,3474.205,16.719,14.255,242.196,0,0.125,37742157,4.037,41.4,16.984,10.797,44017.591,0.5,105.599,7.37,12,16.6,,2.5,82.43
Africa,Cape Verde,44079,4200,75,65,41,0,0.429,7554.12,134.895,116.909,73.743,0,0.771,555988,135.58,25.7,4.46,3.437,6222.554,,182.219,2.42,2.1,16.5,,2.1,72.98
North America,Cayman Islands,44079,205,0,0,1,0,0,3119.294,0,0,15.216,0,0,65720,256.496,,,,49903.029,,,13.22,,,,,83.92
Africa,Central African Republic,44079,4729,0,4.143,62,0,0.143,979.137,0,0.858,12.837,0,0.03,4829764,7.479,18.3,3.655,2.251,661.24,,435.727,6.1,,,16.603,1,53.28
Africa,Chad,44079,1023,5,2.143,77,0,0,62.28,0.304,0.13,4.688,0,0,16425859,11.833,16.7,2.486,1.446,1768.153,38.4,280.995,6.1,,,5.818,,54.24
South America,Chile,44079,418469,1968,1785.286,11494,72,51.714,21890.794,102.949,93.391,601.27,3.766,2.705,19116209,24.282,35.4,11.087,6.938,22767.037,1.3,127.993,8.46,34.2,41.5,,2.11,80.18
Asia,China,44079,90008,22,24.571,4728,0,1.429,62.535,0.015,0.017,3.285,0,0.001,1439323774,147.674,38.7,10.641,5.929,15308.712,0.7,261.899,9.74,1.9,48.4,,4.34,76.91
South America,Colombia,44079,650062,8488,8506,20888,270,303,12775.652,166.814,167.168,410.511,5.306,5.955,50882884,44.223,32.2,7.646,4.312,13254.949,4.5,124.24,7.44,4.7,13.5,65.386,1.71,77.29
Africa,Comoros,44079,448,0,4.429,7,0,0,515.182,0,5.093,8.05,0,0,869595,437.352,20.4,2.963,1.726,1413.89,18.1,261.516,11.88,4.4,23.6,15.574,2.2,64.32
Africa,Congo,44079,4628,0,92.714,102,0,3.429,838.696,0,16.802,18.485,0,0.621,5518092,15.405,19,3.402,2.063,4881.406,37,344.094,7.2,1.7,52.3,47.964,,64.57
North America,Costa Rica,44079,45680,1222,1027.857,469,9,8.857,8967.212,239.885,201.773,92.067,1.767,1.739,5094114,96.079,33.6,9.468,5.694,15524.995,1.3,137.973,8.78,6.4,17.4,83.841,1.13,80.28
Africa,Cote d'Ivoire,44079,18269,61,67.429,119,0,0.571,692.578,2.313,2.556,4.511,0,0.022,26378275,76.399,18.7,2.933,1.582,3601.006,28.2,303.74,2.42,,,19.351,,57.78
Europe,Croatia,44079,11428,334,268.429,195,1,2.143,2783.74,81.359,65.386,47.5,0.244,0.522,4105268,73.726,44,19.724,13.053,22669.797,0.7,253.782,5.59,34.3,39.9,,5.54,78.49
North America,Cuba,44079,4266,52,57.143,100,0,1.143,376.635,4.591,5.045,8.829,0,0.101,11326616,110.408,43.1,14.738,9.719,,,190.968,8.27,17.1,53.3,85.198,5.2,78.8
North America,Curacao,44079,78,3,3,1,0,0,475.32,18.282,18.282,6.094,0,0,164100,362.644,41.7,16.367,10.068,,,,11.62,,,,,78.88
Europe,Cyprus,44079,1498,0,2.429,21,0,0,1710.243,0,2.773,23.975,0,0,875899,127.657,37.3,13.416,8.563,32415.132,,141.171,9.24,19.6,52.7,,3.4,80.98
Europe,Czech Republic,44079,27249,797,496,429,3,1.429,2544.5,74.424,46.316,40.06,0.28,0.133,10708982,137.176,43.3,19.027,11.58,32605.906,,227.485,6.82,30.5,38.3,,6.63,79.38
Africa,Democratic Republic of Congo,44079,10148,23,22.143,258,0,0.571,113.308,0.257,0.247,2.881,0,0.006,89561404,35.879,17,3.02,1.745,808.133,77.1,318.949,6.1,,,4.472,,60.68
Europe,Denmark,44079,17547,173,121,627,1,0.429,3029.417,29.868,20.89,108.249,0.173,0.074,5792203,136.52,42.3,19.677,12.325,46682.515,0.2,114.767,6.41,19.3,18.8,,2.5,80.9
Africa,Djibouti,44079,5387,0,0.571,60,0,0,5452.418,0,0.578,60.729,0,0,988002,41.285,25.4,4.213,2.38,2705.406,22.5,258.037,6.05,1.7,24.5,,1.4,67.11
North America,Dominica,44079,20,0,0,0,0,0,277.813,0,0,0,0,0,71991,98.567,,,,9673.367,,227.376,11.62,,,,3.8,75
North America,Dominican Republic,44079,96629,0,462.714,1801,0,21.857,8907.619,0,42.655,166.023,0,2.015,10847904,222.873,27.6,6.981,4.419,14600.861,1.6,266.653,8.2,8.5,19.1,55.182,1.6,74.08
South America,Ecuador,44079,117175,815,719.143,6674,26,24.286,6641.422,46.194,40.761,378.279,1.474,1.377,17643060,66.939,28.1,7.104,4.458,10581.936,3.6,140.448,5.55,2,12.3,80.635,1.5,77.01
Africa,Egypt,44079,99582,157,185.286,5495,16,19,973.104,1.534,1.811,53.697,0.156,0.186,102334403,97.999,25.3,5.159,2.891,10550.206,1.3,525.432,17.31,0.2,50.1,89.827,1.6,71.99
North America,El Salvador,44079,26099,99,97.714,752,8,7.143,4023.773,15.263,15.065,115.938,1.233,1.101,6486201,307.811,27.6,8.273,5.417,7292.458,2.2,167.295,8.87,2.5,18.8,90.65,1.3,73.32
Africa,Equatorial Guinea,44079,4972,7,6.286,83,0,0,3543.873,4.989,4.48,59.16,0,0,1402985,45.194,22.4,2.846,1.752,22604.873,,202.812,7.78,,,24.64,2.1,58.74
Africa,Eritrea,44079,330,0,1.857,0,0,0,93.051,0,0.524,0,0,0,3546427,44.304,19.3,3.607,2.171,1510.459,,311.11,6.05,0.2,11.4,,0.7,66.32
Europe,Estonia,44079,2456,12,16.143,64,0,0,1851.434,9.046,12.169,48.246,0,0,1326539,31.033,42.7,19.452,13.491,29481.252,0.5,255.569,4.02,24.5,39.3,,4.69,78.74
Africa,Ethiopia,44079,56516,1303,1196.571,880,24,17.429,491.599,11.334,10.408,7.655,0.209,0.152,114963583,104.957,19.8,3.526,2.063,1729.927,26.7,182.634,7.47,0.4,8.5,7.96,0.3,66.6
Europe,Faeroe Islands,44079,413,1,0.286,0,0,0,8451.857,20.465,5.847,0,0,0,48865,35.308,,,,,,,,,,,,80.67
South America,Falkland Islands,44079,13,0,0,0,0,0,3732.415,0,0,0,0,0,3483,,,,,,,,,,,,,81.44
Oceania,Fiji,44079,31,0,0.429,2,0,0,34.581,0,0.478,2.231,0,0,896444,49.562,28.6,6.224,3.284,8702.975,1.4,412.82,14.49,10.2,34.8,,2.3,67.44
Europe,Finland,44079,8225,25,26.143,335,0,0,1484.465,4.512,4.718,60.461,0,0,5540718,18.136,42.8,21.228,13.264,40585.721,,153.507,5.76,18.3,22.6,,3.28,81.91
Europe,France,44079,309156,8975,6011.286,30686,0,12.857,4736.316,137.498,92.094,470.114,0,0.197,65273512,122.578,42,19.718,13.079,38605.671,,86.06,4.77,30.1,35.6,,5.98,82.66
Oceania,French Polynesia,44079,632,36,30.286,0,0,0,2249.879,128.158,107.815,0,0,0,280904,77.324,32.7,7.775,4.593,,,,22.63,,,,,77.66
Africa,Gabon,44079,8601,63,13.714,53,0,0,3864.354,28.305,6.162,23.812,0,0,2225728,7.859,23.1,4.45,2.976,16562.413,3.4,259.967,7.2,,,,6.3,66.47
Africa,Gambia,44079,3120,19,46.143,99,0,0.429,1291.036,7.862,19.094,40.966,0,0.177,2416664,207.566,17.5,2.339,1.417,1561.767,10.1,331.43,1.91,0.7,31.2,7.876,1.1,62.05
Asia,Georgia,44079,1596,28,19.143,19,0,0,400.083,7.019,4.799,4.763,0,0,3989175,65.032,38.7,14.864,10.244,9745.079,4.2,496.218,7.11,5.3,55.5,,2.6,73.77
Europe,Germany,44079,248997,2049,1144.429,9324,5,5,2971.894,24.456,13.659,111.286,0.06,0.06,83783945,237.016,46.6,21.453,15.957,45229.245,,156.139,8.31,28.2,33.1,,8,81.33
Africa,Ghana,44079,44777,64,118.286,283,3,1.857,1441.029,2.06,3.807,9.108,0.097,0.06,31072945,126.719,21.1,3.385,1.948,4227.63,12,298.245,4.97,0.3,7.7,41.047,0.9,64.07
Europe,Gibraltar,44079,305,10,4.429,0,0,0,9052.863,296.815,131.447,0,0,0,33691,3457.1,,,,,,,,,,,,79.93
Europe,Greece,44079,11200,202,200,279,1,2.857,1074.541,19.38,19.188,26.768,0.096,0.274,10423056,83.479,45.3,20.396,14.524,24574.382,1.5,175.695,4.55,35.3,52,,4.21,82.24
North America,Greenland,44079,14,0,0,0,0,0,246.6,0,0,0,0,0,56772,0.137,,,,,,199.941,2.16,,,,,71.7
North America,Grenada,44079,24,0,0,0,0,0,213.297,0,0,0,0,0,112519,317.132,29.4,7.304,5.021,13593.877,,243.964,10.71,,,,3.7,72.4
Oceania,Guam,44079,1619,59,47.429,14,1,0.571,9592.198,349.561,281.003,82.947,5.925,3.386,168783,304.128,31.4,9.551,5.493,,,310.496,21.52,,,,,80.07
North America,Guatemala,44079,77040,682,588.429,2825,21,16.571,4300.171,38.067,32.845,157.684,1.172,0.925,17915567,157.834,22.9,4.694,3.016,7423.808,8.7,155.898,10.18,,,76.665,0.6,74.3
Europe,Guernsey,44079,252,0,0,13,0,0,3758.277,0,0,193.879,0,0,67052,,,,,,,,,,,,,
Africa,Guinea,44079,9579,53,46.857,61,1,0.286,729.396,4.036,3.568,4.645,0.076,0.022,13132792,51.755,19,3.135,1.733,1998.926,35.3,336.717,2.42,,,17.45,0.3,61.6
Africa,Guinea-Bissau,44079,2245,40,13.714,38,4,0.714,1140.753,20.325,6.969,19.309,2.033,0.363,1967998,66.191,19.4,3.002,1.565,1548.675,67.1,382.474,2.42,,,6.403,,58.32
South America,Guyana,44079,1416,15,33.714,44,0,1.286,1800.246,19.07,42.863,55.94,0,1.635,786559,3.952,26.3,5.305,2.837,7435.047,,373.159,11.62,,,77.159,1.6,69.91
North America,Haiti,44079,8326,25,23.571,212,2,1.571,730.189,2.192,2.067,18.592,0.175,0.138,11402533,398.448,24.3,4.8,2.954,1653.173,23.5,430.548,6.65,2.9,23.1,22.863,0.7,64
North America,Honduras,44079,63798,640,712.571,1984,30,22.429,6441.244,64.616,71.943,200.311,3.029,2.264,9904608,82.805,24.9,4.652,2.883,4541.795,16,240.208,7.21,2,,84.169,0.7,75.27
Europe,Hungary,44079,7382,459,267.286,621,1,1,764.155,47.514,27.668,64.283,0.104,0.104,9660350,108.043,43.4,18.577,11.976,26777.561,0.5,278.296,7.55,26.8,34.8,,7.02,76.88
Europe,Iceland,44079,2135,7,6.143,10,0,0,6256.41,20.513,18.001,29.304,0,0,341250,3.404,37.3,14.431,9.207,46482.958,0.2,117.992,5.31,14.3,15.2,,2.91,82.99
Asia,India,44079,4023179,86432,79886.714,69561,1089,1001.571,2915.338,62.632,57.889,50.406,0.789,0.726,1380004385,450.419,28.2,5.989,3.414,6426.674,21.2,282.28,10.39,1.9,20.6,59.55,0.53,69.66
Asia,Indonesia,44079,187537,3269,3092.857,7832,82,94.714,685.634,11.951,11.307,28.634,0.3,0.346,273523621,145.725,29.3,5.319,3.053,11188.744,5.7,342.864,6.32,2.8,76.1,64.204,1.04,71.72
Asia,Iran,44079,382772,2026,1837.286,22044,118,113.571,4557.192,24.121,21.874,262.451,1.405,1.352,83992953,49.831,32.4,5.44,3.182,19082.62,0.2,270.308,9.59,0.8,21.1,,1.5,76.68
Asia,Iraq,44079,252075,5036,4066.143,7359,84,77.857,6267.014,125.204,101.091,182.957,2.088,1.936,40222503,88.125,20,3.186,1.957,15663.986,2.5,218.612,8.83,,,94.576,1.4,70.6
Europe,Ireland,44079,29303,97,103.429,1777,0,0,5934.429,19.644,20.946,359.877,0,0,4937796,69.874,38.7,13.928,8.678,67335.293,0.2,126.459,3.28,23,25.7,,2.96,82.3
Europe,Isle of Man,44079,336,0,0,24,0,0,3951.454,0,0,282.247,0,0,85032,147.872,,,,,,,,,,,,81.4
Asia,Israel,44079,126419,1159,2059.857,993,8,14.143,14605.557,133.903,237.981,114.724,0.924,1.634,8655541,402.606,30.6,11.733,7.359,33132.32,0.5,93.32,6.74,15.4,35.4,,2.99,82.97
Europe,Italy,44079,274644,1732,1319.286,35518,11,6.571,4542.436,28.646,21.82,587.445,0.182,0.109,60461828,205.859,47.9,23.021,16.24,35220.084,2,113.151,4.78,19.8,27.8,,3.18,83.51
North America,Jamaica,44079,2964,68,136.143,30,1,1.571,1000.959,22.964,45.976,10.131,0.338,0.531,2961161,266.879,31.4,9.684,6.39,8193.571,,206.537,11.28,5.3,28.6,66.425,1.7,74.47
Asia,Japan,44079,70876,608,636.143,1349,19,13.429,560.389,4.807,5.03,10.666,0.15,0.106,126476458,347.778,48.2,27.049,18.493,39002.223,,79.37,5.72,11.2,33.7,,13.05,84.63
Europe,Jersey,44079,383,2,1.429,32,0,0,3789.34,19.788,14.134,316.603,0,0,101073,,,,,,,,,,,,,
Asia,Jordan,44079,2301,68,61.714,16,0,0.143,225.519,6.665,6.049,1.568,0,0.014,10203140,109.285,23.2,3.81,2.361,8337.49,0.1,208.257,11.75,,,,1.4,74.53
Asia,Kazakhstan,44079,133028,104,426.857,1893,0,16,7084.735,5.539,22.733,100.816,0,0.852,18776707,6.681,30.6,6.991,4.625,24055.588,0.1,466.792,7.11,7,43.1,98.999,6.7,73.6
Africa,Kenya,44079,34884,179,179.143,589,4,3.143,648.748,3.329,3.332,10.954,0.074,0.058,53771300,87.324,20,2.686,1.528,2993.028,36.8,218.637,2.92,1.2,20.4,24.651,1.4,66.7
Europe,Kosovo,44079,13748,78,115.714,538,9,7.143,7113.092,40.357,59.87,278.356,4.657,3.696,1932774,168.155,,,,9795.834,0.6,,,,,,,
Asia,Kuwait,44079,88243,865,666.429,537,1,1.714,20663.084,202.549,156.052,125.745,0.234,0.401,4270563,232.128,33.7,2.345,1.114,65530.537,,132.235,15.84,2.7,37,,2,75.49
Asia,Kyrgyzstan,44079,44316,89,86.286,1060,0,0.429,6792.566,13.642,13.226,162.472,0,0.066,6524191,32.333,26.3,4.489,2.882,3393.474,1.4,436.362,7.11,3.6,50.5,89.22,4.5,71.45
Asia,Laos,44079,22,0,0,0,0,0,3.024,0,0,0,0,0,7275556,29.715,24.4,4.029,2.322,6397.36,22.7,368.111,4,7.3,51.2,49.839,1.5,67.92
Europe,Latvia,44079,1416,6,5.857,35,1,0.143,750.715,3.181,3.105,18.556,0.53,0.076,1886202,31.212,43.9,19.754,14.136,25063.846,0.7,350.06,4.91,25.6,51,,5.57,75.29
Asia,Lebanon,44079,19490,527,553.857,183,4,5,2855.493,77.211,81.146,26.811,0.586,0.733,6825442,594.561,31.1,8.514,5.43,13367.565,,266.591,12.71,26.9,40.7,,2.9,78.93
Africa,Lesotho,44079,1148,63,13.857,31,0,0,535.885,29.408,6.468,14.471,0,0,2142252,73.562,22.2,4.506,2.647,2851.153,59.6,405.126,3.94,0.4,53.9,2.117,,54.33
Africa,Liberia,44079,1306,0,1.143,82,0,0,258.221,0,0.226,16.213,0,0,5057677,49.127,19.2,3.057,1.756,752.788,38.6,272.509,2.42,1.5,18.1,1.188,0.8,64.1
Africa,Libya,44079,16445,672,545.143,262,8,5.143,2393.293,97.798,79.336,38.13,1.164,0.748,6871287,3.623,29,4.424,2.816,17881.509,,341.862,10.43,,,,3.7,72.91
Europe,Liechtenstein,44079,108,0,0.286,1,0,0,2831.896,0,7.492,26.221,0,0,38137,237.012,,,,,,,7.77,,,,2.397,82.49
Europe,Lithuania,44079,3004,26,27.714,86,0,0,1103.482,9.551,10.181,31.591,0,0,2722291,45.135,43.5,19.002,13.778,29524.265,0.7,342.989,3.67,21.3,38,,6.56,75.93
Europe,Luxembourg,44079,6854,109,39.143,124,0,0,10949.302,174.128,62.531,198.091,0,0,625976,231.447,39.7,14.312,9.842,94277.965,0.2,128.275,4.42,20.9,26,,4.51,82.25
Europe,Macedonia,44079,14762,162,119.286,606,0,3.143,7085.601,77.758,57.256,290.873,0,1.509,2083380,82.6,39.1,13.26,8.16,13111.214,5,322.688,10.08,,,,4.28,75.8
Africa,Madagascar,44079,15187,81,70.143,198,1,1.571,548.445,2.925,2.533,7.15,0.036,0.057,27691019,43.951,19.6,2.929,1.686,1416.44,77.6,405.994,3.94,,,50.54,0.2,67.04
Africa,Malawi,44079,5608,15,12.143,175,0,0.143,293.153,0.784,0.635,9.148,0,0.007,19129955,197.519,18.1,2.979,1.783,1095.042,71.4,227.349,3.94,4.4,24.7,8.704,1.3,64.26
Asia,Malaysia,44079,9374,0,9.714,128,0,0.429,289.625,0,0.3,3.955,0,0.013,32365998,96.254,29.9,6.293,3.407,26808.164,0.1,260.942,16.74,1,42.4,,1.9,76.16
Asia,Maldives,44079,8361,80,127.429,29,0,0.143,15467.808,148,235.742,53.65,0,0.264,540542,1454.433,30.6,4.12,2.875,15183.616,,164.905,9.19,2.1,55,95.803,,78.92
Africa,Mali,44079,2814,7,11.143,126,0,0,138.957,0.346,0.55,6.222,0,0,20250834,15.196,16.4,2.519,1.486,2014.306,,268.024,2.42,1.6,23,52.232,0.1,59.31
Europe,Malta,44079,1984,19,23.429,13,0,0.429,4493.374,43.031,53.061,29.442,0,0.971,441539,1454.037,42.4,19.426,11.324,36513.323,0.2,168.711,8.83,20.9,30.2,,4.485,82.53
Africa,Mauritania,44079,7126,20,21.286,160,0,0.286,1532.585,4.301,4.578,34.411,0,0.061,4649660,4.289,20.3,3.138,1.792,3597.633,6,232.347,2.42,,,15.95,,64.92
Africa,Mauritius,44079,356,0,1.429,10,0,0,279.925,0,1.123,7.863,0,0,1271767,622.962,37.4,10.945,5.884,20292.745,0.5,224.644,22.02,3.2,40.7,,3.4,74.99
North America,Mexico,44079,623090,6196,5336,66851,522,529.286,4832.674,48.056,41.386,518.495,4.049,4.105,128932753,66.444,29.3,6.857,4.321,17336.469,2.5,152.783,13.06,6.9,21.4,87.847,1.38,75.05
Europe,Moldova,44079,38906,534,428.857,1047,11,9.429,9644.61,132.376,106.312,259.546,2.727,2.337,4033963,123.655,37.6,10.864,6.955,5189.972,0.2,408.502,5.72,5.9,44.6,86.979,5.8,71.9
Europe,Monaco,44079,147,4,3.143,1,0,0,3745.796,101.926,80.085,25.482,0,0,39244,19347.5,,,,,,,5.46,,,,13.8,86.75
Asia,Mongolia,44079,306,0,0.714,0,0,0,93.341,0,0.218,0,0,0,3278292,1.98,28.6,4.031,2.421,11840.846,0.5,460.043,4.82,5.5,46.5,71.18,7,69.87
Europe,Montenegro,44079,5275,110,87.429,106,2,2,8398.852,175.142,139.204,168.773,3.184,3.184,628062,46.28,39.1,14.762,9.395,16409.288,1,387.305,10.08,44,47.9,,3.861,76.88
North America,Montserrat,44079,13,0,0,1,0,0,2600.52,0,0,200.04,0,0,4999,,,,,,,,,,,,,74.16
Africa,Morocco,44079,65855,0,1052.286,1253,0,28.714,1784.178,0,28.509,33.947,0,0.778,36910558,80.08,29.6,6.769,4.209,7485.013,1,419.146,7.14,0.8,47.1,,1.1,76.68
Africa,Mozambique,44079,4265,58,81.143,26,0,0.714,136.456,1.856,2.596,0.832,0,0.023,31255435,37.728,17.7,3.158,1.87,1136.103,62.9,329.942,3.3,5.1,29.1,12.227,0.7,60.85
Asia,Myanmar,44079,1216,83,80,7,0,0.143,22.349,1.525,1.47,0.129,0,0.003,54409794,81.721,29.1,5.732,3.12,5591.597,6.4,202.104,4.61,6.3,35.2,79.287,0.9,67.13
Africa,Namibia,44079,8323,241,202.429,86,0,3,3275.59,94.848,79.668,33.846,0,1.181,2540916,3.078,22,3.552,2.085,9541.808,13.4,243.811,3.94,9.7,34.2,44.6,,63.71
Asia,Nepal,44079,44236,1359,1111.429,271,14,10.857,1518.217,46.642,38.145,9.301,0.48,0.373,29136808,204.43,25,5.809,3.212,2442.804,15,260.797,7.26,9.5,37.8,47.782,0.3,70.78
Europe,Netherlands,44079,73136,744,581.857,6228,2,2.429,4268.255,43.42,33.957,363.469,0.117,0.142,17134873,508.544,43.2,18.779,11.881,48472.545,,109.361,5.29,24.4,27.3,,3.32,82.28
Oceania,New Caledonia,44079,26,0,0.429,0,0,0,91.071,0,1.501,0,0,0,285491,15.342,33.4,9.954,6.489,,,,23.36,,,,,77.55
Oceania,New Zealand,44079,1413,0,5.286,22,0,0,293.018,0,1.096,4.562,0,0,4822233,18.206,37.9,15.322,9.72,36085.843,,128.797,8.08,14.8,17.2,,2.61,82.29
North America,Nicaragua,44079,4494,0,0,137,0,0,678.385,0,0,20.681,0,0,6624554,51.667,27.3,5.445,3.519,5321.444,3.2,137.016,11.47,,,,0.9,74.48
Africa,Niger,44079,1177,0,0.286,69,0,0,48.623,0,0.012,2.85,0,0,24206636,16.955,15.1,2.553,1.378,926,44.5,238.339,2.42,0.1,15.4,8.978,0.3,62.42
Africa,Nigeria,44079,54743,156,180.857,1051,3,5.714,265.563,0.757,0.877,5.098,0.015,0.028,206139587,209.588,18.1,2.751,1.447,5338.454,,181.013,2.42,0.6,10.8,41.949,,54.69
Oceania,Northern Mariana Islands,44079,57,0,0.143,2,0,0,990.323,0,2.482,34.748,0,0,57557,119.878,,,,,,194.994,,,,,,76.74
Europe,Norway,44079,11120,85,82.429,264,0,0,2051.19,15.679,15.205,48.697,0,0,5421242,14.462,39.7,16.821,10.813,64800.057,0.2,114.316,5.31,19.6,20.7,,3.6,82.4
Asia,Oman,44079,86380,0,196.429,705,0,7.857,16915.292,0,38.465,138.056,0,1.539,5106622,14.98,30.7,2.355,1.53,37960.709,,266.342,12.61,0.5,15.6,97.4,1.6,77.86
Asia,Pakistan,44079,298025,513,379,6340,5,8,1349.187,2.322,1.716,28.702,0.023,0.036,220892331,255.573,23.5,4.495,2.78,5034.708,4,423.031,8.35,2.8,36.7,59.607,0.6,67.27
Asia,Palestine,44079,32817,729,672.429,192,3,4.571,6432.92,142.902,131.812,37.637,0.588,0.896,5101416,778.202,20.4,3.043,1.726,4449.898,1,265.91,10.59,,,,,74.05
North America,Panama,44079,95596,682,710.286,2063,17,13.857,22155.537,158.062,164.617,478.125,3.94,3.212,4314768,55.133,29.7,7.918,5.03,22267.037,2.2,128.346,8.33,2.4,9.9,,2.3,78.51
Oceania,Papua New Guinea,44079,471,0,2.571,5,0,0,52.643,0,0.287,0.559,0,0,8947027,18.22,22.6,3.808,2.142,3823.194,,561.494,17.65,23.5,48.8,,,64.5
South America,Paraguay,44079,20654,695,682.857,398,25,16.857,2895.747,97.441,95.738,55.801,3.505,2.363,7132530,17.144,26.5,6.378,3.833,8827.01,1.7,199.128,8.27,5,21.6,79.602,1.3,74.25
South America,Peru,44079,676848,6703,6698.143,29554,149,154.714,20528.059,203.295,203.147,896.34,4.519,4.692,32971846,25.129,29.1,7.151,4.455,12236.706,3.5,85.755,5.95,4.8,,,1.6,76.74
Asia,Philippines,44079,228403,0,2694.143,3688,0,51.857,2084.329,0,24.586,33.655,0,0.473,109581085,351.873,25.2,4.803,2.661,7599.188,,370.437,7.07,7.8,40.8,78.463,1,71.23
Europe,Poland,44079,69820,691,620,2100,8,11.714,1844.815,18.258,16.382,55.487,0.211,0.31,37846605,124.027,41.8,16.763,10.202,27216.445,,227.331,5.91,23.3,33.1,,6.62,78.73
Europe,Portugal,44079,59457,406,340.429,1833,4,2.571,5831,39.817,33.386,179.764,0.392,0.252,10196707,112.371,46.2,21.502,14.924,27936.896,0.5,127.842,9.85,16.3,30,,3.39,82.05
North America,Puerto Rico,44079,34241,43,321.857,455,7,4.429,11968.862,15.031,112.504,159.044,2.447,1.548,2860840,376.232,38.2,15.168,9.829,35044.67,,108.094,12.9,,,,,80.1
Asia,Qatar,44079,119637,217,205.857,201,0,0.714,41525.341,75.32,71.452,69.766,0,0.248,2881060,227.322,31.9,1.307,0.617,116935.6,,176.69,16.52,0.8,26.9,,1.2,80.23
Europe,Romania,44079,92595,1339,1161,3812,47,43.571,4813.21,69.603,60.35,198.153,2.443,2.265,19237682,85.129,43,17.85,11.69,23313.199,5.7,370.946,9.74,22.9,37.1,,6.892,76.05
Europe,Russia,44079,1015105,5110,4957.143,17649,121,105,6955.897,35.016,33.968,120.938,0.829,0.72,145934460,8.823,39.6,14.178,9.393,24765.954,0.1,431.297,6.18,23.4,58.3,,8.05,72.58
Africa,Rwanda,44079,4304,49,80.286,18,0,0.286,332.299,3.783,6.199,1.39,0,0.022,12952209,494.869,20.3,2.974,1.642,1854.211,56,191.375,4.28,4.7,21,4.617,,69.02
North America,Saint Kitts and Nevis,44079,17,0,0,0,0,0,319.597,0,0,0,0,0,53192,212.865,,,,24654.385,,,12.84,,,,2.3,76.23
North America,Saint Lucia,44079,26,0,0,0,0,0,141.59,0,0,0,0,0,183629,293.187,34.9,9.721,6.405,12951.839,,204.62,11.62,,,87.202,1.3,76.2
North America,Saint Vincent and the Grenadines,44079,61,0,0.143,0,0,0,549.812,0,1.288,0,0,0,110947,281.787,31.8,7.724,4.832,10727.146,,252.675,11.62,,,,2.6,72.53
Europe,San Marino,44079,735,0,3.571,42,0,0,21657.139,0,105.234,1237.551,0,0,33938,556.667,,,,56861.47,,,5.64,,,,3.8,84.97
Africa,Sao Tome and Principe,44079,897,0,0.286,15,0,0,4092.881,0,1.304,68.443,0,0,219161,212.841,18.7,2.886,2.162,3052.714,32.3,270.113,2.42,,,41.34,2.9,70.39
Asia,Saudi Arabia,44079,319141,822,888.143,4015,33,28.857,9167.066,23.611,25.511,115.328,0.948,0.829,34813867,15.322,31.9,3.295,1.845,49045.411,,259.538,17.72,1.8,25.4,,2.7,75.13
Africa,Senegal,44079,13881,55,71,287,0,1.143,829.017,3.285,4.24,17.141,0,0.068,16743930,82.328,18.7,3.008,1.796,2470.58,38,241.219,2.42,0.4,16.6,20.859,,67.94
Europe,Serbia,44079,31772,96,80.714,721,3,1.714,4669.197,14.108,11.862,105.958,0.441,0.252,6804596,80.291,41.2,17.366,,14048.881,,439.415,10.08,37.7,40.2,97.719,5.609,76
Africa,Seychelles,44079,136,0,0,0,0,0,1382.957,0,0,0,0,0,98340,208.354,36.2,8.606,5.586,26382.287,1.1,242.648,10.55,7.1,35.7,,3.6,73.4
Africa,Sierra Leone,44079,2041,6,4,71,0,0.143,255.861,0.752,0.501,8.901,0,0.018,7976985,104.7,19.1,2.538,1.285,1390.3,52.2,325.721,2.42,8.8,41.3,19.275,,54.7
Asia,Singapore,44079,56908,0,34.571,27,0,0,9727.293,0,5.909,4.615,0,0,5850343,7915.731,42.4,12.922,7.049,85535.383,,92.243,10.99,5.2,28.3,,2.4,83.62
North America,Sint Maarten (Dutch part),44079,511,7,9.571,19,0,0.286,11916.422,163.239,223.204,443.076,0,6.663,42882,1209.088,,,,36327.232,,,,,,,,78.95
Europe,Slovakia,44079,4300,137,81.714,37,0,0.571,787.597,25.093,14.967,6.777,0,0.105,5459643,113.128,41.2,15.07,9.167,30155.152,0.7,287.959,7.29,23.1,37.7,,5.82,77.54
Europe,Slovenia,44079,3088,47,41.571,129,0,0.143,1485.378,22.608,19.997,62.051,0,0.069,2078932,102.619,44.5,19.062,12.93,31400.84,,153.493,7.25,20.1,25,,4.5,81.32
Africa,Somalia,44079,3332,22,8.143,98,0,0.429,209.649,1.384,0.512,6.166,0,0.027,15893219,23.5,16.8,2.731,1.496,,,365.769,6.05,,,9.831,0.9,57.4
Africa,South Africa,44079,635078,2063,2136.429,14678,115,133.571,10708.009,34.784,36.022,247.485,1.939,2.252,59308690,46.754,27.3,5.344,3.053,12294.876,18.9,200.38,5.52,8.1,33.2,43.993,2.32,64.13
Asia,South Korea,44079,20842,0,206,331,0,1.429,406.521,0,4.018,6.456,0,0.028,51269183,527.967,43.4,13.914,8.622,35938.374,0.2,85.998,6.8,6.2,40.9,,12.27,83.03
Africa,South Sudan,44079,2536,3,2.571,47,0,0,226.555,0.268,0.23,4.199,0,0,11193729,,19.2,3.441,2.032,1569.888,,280.775,10.43,,,,,57.85
Asia,Sri Lanka,44079,3115,4,18,12,0,0,145.471,0.187,0.841,0.56,0,0,21413250,341.955,34.1,10.069,5.331,11669.077,0.7,197.093,10.68,0.3,27,,3.6,76.98
Africa,Sudan,44079,13189,0,20.571,823,0,0,300.78,0,0.469,18.769,0,0,43849269,23.258,19.7,3.548,2.034,4466.507,,431.388,15.67,,,23.437,0.8,65.31
South America,Suriname,44079,4252,37,57.714,75,2,1.286,7248.131,63.072,98.382,127.848,3.409,2.192,586634,3.612,29.6,6.933,4.229,13767.119,,258.314,12.54,7.4,42.9,67.779,3.1,71.68
Africa,Swaziland,44079,4780,60,45.571,94,0,0.429,4120.107,51.717,39.28,81.023,0,0.369,1160164,79.492,21.5,3.163,1.845,7738.975,,333.436,3.94,1.7,16.5,24.097,2.1,60.19
Europe,Sweden,44079,84985,0,133.286,5835,0,0.857,8414.965,0,13.198,577.765,0,0.085,10099270,24.718,41,19.985,13.433,46949.283,0.5,133.982,4.79,18.8,18.9,,2.22,82.8
Europe,Switzerland,44079,43424,297,312,1731,1,1,5017.437,34.317,36.05,200.009,0.116,0.116,8654618,214.243,43.1,18.436,12.644,57410.166,,99.739,5.59,22.6,28.9,,4.53,83.78
Asia,Syria,44079,3041,68,68.286,127,3,3.429,173.765,3.886,3.902,7.257,0.171,0.196,17500657,,21.7,,2.577,,,376.264,,,,70.598,1.5,72.7
Asia,Taiwan,44079,490,0,0.286,7,0,0,20.574,0,0.012,0.294,0,0,23816775,,42.2,,8.353,,,103.957,,,,,,80.46
Asia,Tajikistan,44079,8724,34,34.714,69,0,0.143,914.691,3.565,3.64,7.234,0,0.015,9537642,64.281,23.3,3.466,2.155,2896.913,4.8,427.698,7.11,,,72.704,4.8,71.1
Africa,Tanzania,44079,509,0,0,21,0,0,8.521,0,0,0.352,0,0,59734213,64.699,17.7,3.108,1.874,2683.304,49.1,217.288,5.75,3.3,26.7,47.953,0.7,65.46
Asia,Thailand,44079,3431,0,2.857,58,0,0,49.155,0,0.041,0.831,0,0,69799978,135.132,40.1,11.373,6.89,16277.671,0.1,109.861,7.04,1.9,38.8,90.67,2.1,77.15
Asia,Timor,44079,27,0,0,0,0,0,20.479,0,0,0,0,0,1318442,87.176,18,3.556,1.897,6570.102,30.3,335.346,6.86,6.3,78.1,28.178,5.9,69.5
Africa,Togo,44079,1457,14,13.143,31,0,0.571,175.993,1.691,1.588,3.745,0,0.069,8278737,143.366,19.4,2.839,1.525,1429.813,49.2,280.033,6.15,0.9,14.2,10.475,0.7,61.04
North America,Trinidad and Tobago,44079,2040,56,69.429,31,2,1.714,1457.673,40.015,49.61,22.151,1.429,1.225,1399491,266.886,36.2,10.014,5.819,28763.071,,228.467,10.97,,,89.443,3,73.51
Africa,Tunisia,44079,4394,0,133.286,84,0,1.429,371.786,0,11.278,7.107,0,0.121,11818618,74.228,32.7,8.001,5.075,10849.297,2,318.991,8.52,1.1,65.8,78.687,2.3,76.7
Asia,Turkey,44079,276555,1612,1577.143,6564,53,45.571,3279.085,19.113,18.7,77.829,0.628,0.54,84339067,104.914,31.6,8.153,5.061,25129.341,0.2,171.285,12.13,14.1,41.1,,2.81,77.69
North America,Turks and Caicos Islands,44079,577,22,12.429,5,1,0.286,14902.629,568.211,321.002,129.139,25.828,7.379,38718,37.312,,,,,,,,,,,,80.22
Africa,Uganda,44079,3353,65,85.286,35,2,1,73.304,1.421,1.865,0.765,0.044,0.022,45741000,213.759,16.4,2.168,1.308,1697.707,41.6,213.333,2.5,3.4,16.7,21.222,0.5,63.37
Europe,Ukraine,44079,130951,2723,2350.571,2723,13,40.714,2994.277,62.263,53.747,62.263,0.297,0.931,43733759,77.39,41.4,16.462,11.133,7894.393,0.1,539.849,7.11,13.5,47.4,,8.8,72.06
Asia,United Arab Emirates,44079,72766,612,552.143,387,0,1.143,7357.235,61.878,55.826,39.129,0,0.116,9890400,112.442,34,1.144,0.526,67293.483,,317.84,17.26,1.2,37.4,,1.2,77.97
Europe,United Kingdom,44079,342351,1940,1529.571,41537,10,7.286,5043.028,28.577,22.531,611.864,0.147,0.107,67886004,272.898,40.8,18.517,12.527,39753.244,0.2,122.137,4.28,20,24.7,,2.54,81.32
North America,United States,44079,6201726,51071,40612.429,187765,968,856,18736.182,154.292,122.695,567.261,2.924,2.586,331002647,35.608,38.3,15.413,9.732,54225.446,1.2,151.089,10.79,19.1,24.6,,2.77,78.86
North America,United States Virgin Islands,44079,1150,0,10.714,16,0,0.286,11012.899,0,102.605,153.223,0,2.736,104423,306.48,42.2,18.601,10.799,,,273.67,12.26,,,,,80.58
South America,Uruguay,44079,1653,17,13.857,45,1,0.286,475.858,4.894,3.989,12.954,0.288,0.082,3473727,19.751,35.6,14.655,10.361,20551.409,0.1,160.708,6.93,14,19.9,,2.8,77.91
Asia,Uzbekistan,44079,42998,93,292.143,338,2,4.714,1284.704,2.779,8.729,10.099,0.06,0.141,33469199,76.134,28.2,4.469,2.873,6253.104,,724.417,7.57,1.3,24.7,,4,71.72
Europe,Vatican,44079,12,0,0,0,0,0,14833.127,0,0,0,0,0,809,,,,,,,,,,,,,75.12
South America,Venezuela,44079,50973,1096,1013.429,412,10,7.714,1792.555,38.543,35.639,14.489,0.352,0.271,28435943,36.253,29,6.614,3.915,16745.022,,204.85,6.47,,,,0.8,72.06
Asia,Vietnam,44079,1046,0,1.143,35,0,0.571,10.746,0,0.012,0.36,0,0.006,97338583,308.127,32.6,7.15,4.718,6171.884,2,245.465,6,1,45.9,85.847,2.6,75.4
Africa,Western Sahara,44079,766,0,0,1,0,0,1282.373,0,0,1.674,0,0,597330,,28.4,,1.38,,,,,,,,,70.26
Asia,Yemen,44079,1983,3,5.714,572,0,1.286,66.486,0.101,0.192,19.178,0,0.043,29825968,53.508,20.3,2.922,1.583,1479.147,18.8,495.003,5.35,7.6,29.2,49.542,0.7,66.12
Africa,Zambia,44079,12639,116,122.857,292,0,1.286,687.502,6.31,6.683,15.883,0,0.07,18383956,22.995,17.7,2.48,1.542,3689.251,57.5,234.499,3.94,3.1,24.7,13.938,2,63.89
Africa,Zimbabwe,44079,6837,159,64.143,206,0,1.571,460.004,10.698,4.316,13.86,0,0.106,14862927,42.729,19.6,2.822,1.882,1899.775,21.4,307.846,1.82,1.6,30.7,36.791,1.7,61.49